<?xml version="1.0" encoding="UTF-8"?>
<!DOCTYPE mapper
PUBLIC "-//mybatis.org//DTD Mapper 3.0//EN"
"http://mybatis.org/dtd/mybatis-3-mapper.dtd">
<mapper  namespace="com.ischoolbar.programmer.dao.admin.MenuDao">
    <!-- 菜单添加方法 add() -->
	<insert id="add" parameterType="Menu">
	   insert into menu(id,parentId,name,url,icon) values(null,#{parentId},#{name},#{url},#{icon})
	</insert>
	
	<!-- 菜单信息模糊查询分页方法 findList() -->
	<select id="findList" parameterType="Map" resultType="Menu">
		select * from menu  where 1=1 
		<if test="parentId != null">
				and parentId = #{parentId}
		</if>
		<if test="name != null">
		      and name like '%${name}%'
		</if>
		<if test="offset != null and pageSize != null">
		     limit #{offset},#{pageSize}
		</if>
	</select>
	
	<!-- 查询菜单选项总记录数目  findTotal() -->
	<select id="getTotal" parameterType="Map" resultType="Integer" >
		select count(*) from menu  where 1 = 1 
		<if test="parentId != null">
				and parentId = #{parentId}
		</if>
		<if test="name != null">
		      and name like '%${name}%'
		</if> 
	</select>
	
	<!--  查询顶级菜单数目 findTopList() -->
	<select id="findTopList"  resultType="Menu">
		select * from menu  where parentId = 1
	</select>
	
	<!--  查询某一分类的子菜单数目 findChildrenList() -->
	<select id="findChildrenList"  parameterType="Long" resultType="Menu">
		select * from menu  where parentId = #{parentId}
	</select>
	
	<!--  根据Id获取子菜单信息 findListByIds -->
	<select id="findListByIds" parameterType="String" resultType="Menu">
		select * from menu  where  id in (${value})
	</select>
	
	<!-- 修改菜单选项 edit() -->
	<update id="edit"   parameterType="Menu">
		update menu set name = #{name},parentId = #{parentId},url = #{url},icon = #{icon} where id = #{id} 
	</update>
	
	<!-- 删除菜单项目 delete() -->
	<delete id="delete"   parameterType="Long">
		 delete from menu where id=#{id}
	</delete>
	
	
</mapper>