<?xml version="1.0" encoding="UTF-8"?>
<!DOCTYPE mapper
PUBLIC "-//mybatis.org//DTD Mapper 3.0//EN"
"http://mybatis.org/dtd/mybatis-3-mapper.dtd">
<mapper  namespace="com.ischoolbar.programmer.dao.admin.RoleDao">
    <!-- 角色添加方法 add() -->
	<insert id="add" parameterType="Role">
	   insert into role(id,name,remark) values(null,#{name},#{remark})
	</insert>
	
	<!-- 角色信息模糊查询分页方法 findList() -->
	<select id="findList" parameterType="Map" resultType="Role">
		select * from role  where 1=1 
		<if test="name != null">
		      and name like '%${name}%'
		</if>
		<if test="offset != null and pageSize != null">
		     limit #{offset},#{pageSize}
		</if>
	</select>
	
	<!-- 查询角色选项总记录数目  findTotal() -->
	<select id="getTotal" parameterType="Map" resultType="Integer" >
		select count(*) from role  where 1 = 1 
		<if test="name != null">
		      and name like '%${name}%'
		</if> 
	</select>
	 
	<!--  根据Id获取角色信息 find() -->
	<select id="find" parameterType="Long" resultType="Role">
		select * from menu  where  id = #{id}
	</select>
	
	<!-- 修改角色选项 edit() -->
	<update id="edit"   parameterType="Role">
		update role set name = #{name},remark = #{remark} where id = #{id} 
	</update>
	
	<!-- 删除角色项目 delete() -->
	<delete id="delete"   parameterType="Long">
		 delete from role where id=#{id}
	</delete>
	
	
</mapper>